,Apicomplexa_156,Apicomplexa_326,Apicomplexa_327,Apicomplexa_422,Apicomplexa_433,Apusomonadidae_1,Apusomonadidae_14,Apusomonadidae_4,Apusomonadidae_5,Apusomonadidae_8,Centroheliozoa_1,Centroheliozoa_2,Centroheliozoa_4,Centroheliozoa_5,Centroheliozoa_7,Centroheliozoa_8,Cercozoa_1,Cercozoa_106,Cercozoa_135,Cercozoa_139,Cercozoa_14,Cercozoa_144,Cercozoa_155,Cercozoa_161,Cercozoa_165,Cercozoa_167,Cercozoa_170,Cercozoa_173,Cercozoa_195,Cercozoa_196,Cercozoa_198,Cercozoa_199,Cercozoa_20,Cercozoa_200,Cercozoa_207,Cercozoa_21,Cercozoa_212,Cercozoa_218,Cercozoa_23,Cercozoa_237,Cercozoa_239,Cercozoa_24,Cercozoa_242,Cercozoa_249,Cercozoa_250,Cercozoa_251,Cercozoa_252,Cercozoa_285,Cercozoa_287,Cercozoa_288,Cercozoa_289,Cercozoa_294,Cercozoa_311,Cercozoa_32,Cercozoa_324,Cercozoa_33,Cercozoa_332,Cercozoa_337,Cercozoa_338,Cercozoa_339,Cercozoa_347,Cercozoa_36,Cercozoa_409,Cercozoa_41,Cercozoa_412,Cercozoa_416,Cercozoa_418,Cercozoa_424,Cercozoa_432,Cercozoa_50,Cercozoa_55,Cercozoa_61,Cercozoa_64,Cercozoa_79,Cercozoa_8,Cercozoa_81,Cercozoa_86,Cercozoa_94,Cercozoa_95,Cercozoa_96,Chlorophyta_352,Chlorophyta_388,Chlorophyta_440,Chlorophyta_684,Chlorophyta_753,Chlorophyta_815,Ciliophora_104,Ciliophora_1186,Ciliophora_1225,Ciliophora_1308,Ciliophora_1325,Ciliophora_1344,Ciliophora_135,Ciliophora_1416,Ciliophora_1461,Ciliophora_1639,Ciliophora_191,Ciliophora_246,Ciliophora_357,Ciliophora_428,Ciliophora_446,Ciliophora_471,Ciliophora_472,Ciliophora_473,Ciliophora_520,Ciliophora_574,Ciliophora_583,Ciliophora_585,Ciliophora_667,Ciliophora_750,Ciliophora_78,Ciliophora_800,Ciliophora_807,Ciliophora_817,Ciliophora_818,Conosa_124,Conosa_125,Conosa_126,Conosa_135,Conosa_30,Conosa_41,Conosa_64,Conosa_69,Conosa_91,Conosa_96,Conosa_97,Cryptophyta_116,Cryptophyta_12,Cryptophyta_23,Cryptophyta_33,Cryptophyta_34,Cryptophyta_41,Cryptophyta_5,Cryptophyta_83,Cryptophyta_84,Dinoflagellata_1171,Dinoflagellata_1195,Dinoflagellata_1204,Dinoflagellata_124,Dinoflagellata_1249,Dinoflagellata_1376,Dinoflagellata_1397,Dinoflagellata_1417,Dinoflagellata_1495,Dinoflagellata_1539,Dinoflagellata_1541,Dinoflagellata_1597,Dinoflagellata_1712,Dinoflagellata_1729,Dinoflagellata_1778,Dinoflagellata_1804,Dinoflagellata_1817,Dinoflagellata_1928,Dinoflagellata_1942,Dinoflagellata_716,Dinoflagellata_717,Dinoflagellata_961,Dinoflagellata_97,Discoba_16,Discoba_17,Discoba_18,Discoba_25,Discoba_26,Discoba_30,Discoba_32,Discoba_34,Glaucophyta_2,Glaucophyta_6,Katablepharidophyta_1,Lobosa_27,Lobosa_39,Lobosa_44,Metamonada_11,Metamonada_12,Metamonada_15,Metamonada_16,Metamonada_17,Metamonada_19,Metamonada_22,Metamonada_24,Metamonada_30,Metamonada_33,Metamonada_6,Metamonada_7,Ochrophyta_1092,Ochrophyta_4,Ochrophyta_54,Ochrophyta_731,Ochrophyta_881,Opalozoa_10,Opalozoa_12,Opalozoa_131,Opalozoa_14,Opalozoa_164,Opalozoa_17,Opalozoa_173,Opalozoa_176,Opalozoa_180,Opalozoa_186,Opalozoa_190,Opalozoa_194,Opalozoa_198,Opalozoa_2,Opalozoa_25,Opalozoa_30,Opalozoa_4,Opalozoa_9,Picozoa_13,Picozoa_2,Picozoa_3,Picozoa_4,Pseudofungi_114,Pseudofungi_49,Pseudofungi_52,Pseudofungi_55,Radiolaria_0,Radiolaria_10,Radiolaria_101,Radiolaria_102,Radiolaria_103,Radiolaria_108,Radiolaria_11,Radiolaria_115,Radiolaria_116,Radiolaria_19,Radiolaria_2,Radiolaria_29,Radiolaria_30,Radiolaria_32,Radiolaria_33,Radiolaria_35,Radiolaria_36,Radiolaria_38,Radiolaria_43,Radiolaria_44,Radiolaria_45,Radiolaria_47,Radiolaria_48,Radiolaria_49,Radiolaria_50,Radiolaria_63,Radiolaria_66,Radiolaria_67,Radiolaria_71,Radiolaria_90,Rhodophyta_125,Rhodophyta_263,Rhodophyta_314,Sagenista_118,Sagenista_119,Sagenista_125,Sagenista_130,Sagenista_160,Sagenista_165,Sagenista_170,Sagenista_209,Sagenista_30,Sagenista_31,Sagenista_36,Sagenista_46,Sagenista_48,Sagenista_49,Sagenista_50,Sagenista_51,Sagenista_53,Sagenista_54,Sagenista_61,Sagenista_63,Sagenista_66,Sagenista_71,Sagenista_79,Sagenista_84,Sagenista_86,Sagenista_88,Sagenista_98,Streptophyta_2,Streptophyta_20,Streptophyta_229,Streptophyta_3,Streptophyta_30,Streptophyta_350,Streptophyta_390,Streptophyta_419,Streptophyta_424,Streptophyta_433,Streptophyta_437,Streptophyta_453,Streptophyta_458,Streptophyta_464,Streptophyta_474,Streptophyta_476,Streptophyta_48,Streptophyta_487,Streptophyta_494,Streptophyta_503,Streptophyta_504,Streptophyta_507,Streptophyta_51,Streptophyta_520,Streptophyta_521,Streptophyta_541,Streptophyta_543,Streptophyta_547,Streptophyta_550,Streptophyta_552,Streptophyta_557,Streptophyta_59,Telonemia_16,Telonemia_17,Telonemia_27,Telonemia_28,Telonemia_29,Telonemia_3
2019.08.07_6.4_18S.18S.exp.,,,,,,,,,,,,,,,,,,,,,,,,,,,,,,,,,,,,,,,,,,,,,,,,,,8,,,,,,,,,,,,,,,,,,,,,,,,,,,,,,,,,,,,,,,,,,,,,,,,,,,,,,,,,,,,,,,,,,,,,,,,,,,,,,,,,,,,,,,,,,,,,,,,,,,,,,,,,,,,,,,,,,,,,,,,,,,,,,,,,,,,,,,,,,,,196,,41,,,,,,194,1126,,,,,,,,,,,,,,,,,,,11811,5,,,,,,,,,,,,,,,,,,,,,,,,,,,,,,,,,,,,,,,,,,,,,,,,,,,,,,,,,,,,,,,,,,,,,,,,,,,,,,4,,,,,,,,,,,,,,,,5
08.06.2019_4B_diluted_48h_18S.18S.exp.,,,,,,,,,,,,,,,,,66,,,,,,,,,,,,,,,,,,,,,,,,,,,,,,,,,,,,,,,,,,,,,,,,,25,,,,,,,,,,69,,,,,,,,,,,,,,,,,,,,,,,,,,,,,,,,,,,,,,,,,,,,,,,56,,,,,,,,,,,,,,,,,,,,,,,,,,,,,,,,,,,,,,,,,,,,,,,21,,,,,,,,49,,,,,,,,,,,,263,,,,,,,,134,1850,,,,,,,110,,,,,2,,,,,,,,581,,,,,,,,,,,,,,,,,,,,,,,,,,,,,,,,,,,,,,,,,,,,,,,,,,,,,,,,194,91,,,,,,,,,,,,,,195,,,,,,,78,,,,,14,,,,,,,,,,,1174
2019.08.06_1.1_18S.18S.exp.,,,,,,,,,,,,,,,,,,,,,,,,,,,,,,,,,,,,,,,,,,,,,,,,,,,,,,,,,,,,,,,,,,,,,,,,,,,,,,,,,,,,,,,,,,,,,,,,,,,,,,,,,,,,,,,,,,,,,,,,,,,12,,,,,,,,,,,,,,,,,,,,,,,,,,,,,,,,,,,,,,,,,,,,,,,3,,,,,,,,,,,,,,,,,,,,967,,239,,,,,,890,5522,,,,,,,510,,,,,,,,,,,,13411,,,,,,,,,,,,,,,,,11,,,,,57,,,,,,,,,,,,4,,,,,,,,3,,,,,,,,,,,,,,,,,,,,,,,,,,,,,,,,,,,,,,,,,,,,,,,,,,,,,4
08.06.2019_2A_Bottom_48h_18S.18S.exp.,,89,,,,,,,,,,,3,,,,,,,,,,,,,,,,,,,,,,,,,,,,,,,,,,,,,,,4,,,,,,,100,,,,,,,,,,,,,,,,,,,,,,,,,,,,,,3,,,,,,,,,,12,,,6,,,,,,,,,,,,,,,,,,,,,343,,,,,,,,,,,,18,,,,,,,,,,,,,,,,,,,,,,,,,,,,,,,,,,,,,,,,,,48,,,,,,,,,,,,,,,,,,,,,,873,,,,,,12,128,,,,,,,,,,,,35,530,21,,,,,,,,,,,,,5,,,,58,,,,9,,,,,,,,,,,,,14,,,,,,,354,5,,,,,,159,139,119,64,,,,10845,,,,,,,,,,,,,,,,,,,,,,,,,,,,,,,,,,,,,,16989
2019.08.06_1.2_18S.18S.exp.,,,,,,,,,,,,,,,,,,,,,,,,,,,,,,,,,,,,,,,,,,,,,,,,,,,,,,,,,,,,,,,,,,,,3,,,,,,3,,,,,,,,,,,,,,,,,,4,,5,,,,,,,,,,,,,,,,,,,,,,,,,5,,,,1,,,,,,,,,,,,,,8,27,,,,,,,,,,,6,,4,7,,,,27,3,,,,,,,,,,,,,,,,,,,,,,,,,,,,,,,,,416,,110,,,,,,349,2521,,,,,,,52,,,,,,,,,,,,9469,3,,2,,,,,,,,,,,,,,,,,,,,,,,,,,,,,,,5,,,,,,,,,,,,,,,,,,,,,,,,,,,,,,10,,,,,,,,,,,,,,,,,,,,,,,,,,,4,,,,14
2019.08.06_4_CP_ULT_18S.18S.exp.,,,,157,,,,,,,,,25,,,,147,22,,,,,,,,,,50,44,59,,26,,,,,19,,,,,,,,,,,,,,,,,,,,,,,,,,,,,,,,71,,,,,,,16,,40,,,,,,,,,,,,,,,,,,,56,,,,,,,,,,,,,,,,,,,,,,,,,,,,,,,,,,,,,,,,,,,,,,,,,,,,,,,,,,,,,,,,,,,,,,,,,141,,,,,,,68,,,,,,,,,,,,,241,,,,,,,,123,2280,,,,,,,56,,,,,,,,,,,,154,813,,,,,,,,,,,,,,,,,,,,,,,,,,,,,,,,,,,,,,,,,,,,,,,,,,,,,88,,,,,,,,,,,,,,,,,,219,,,,,,,,,,31,,,,,,,,,,,3,,610
2019.08.07_6.1_18S.18S.exp.,,59,,,3,,,,,,,,,,,,,,,,,,,,,,,,,,,,,,,,,,,,,,,,,,,,,,,,,,,,,,,,,,,,,,,,,,,,,,,,,,,,,,,,,,,,,,,,,,,,,,,,,,,,,,,,,,,,,,,,,,,,,,,,,,,,,,,,,,,,,,,,,,,,,,,,,,,,,,,,,,,,,,,,,,,,,,,,,,,,5,,,,,,,,,,,,,157,,42,,,,,,149,849,,,,,,,67,,,,,,,,,,,,12487,22,,,,,,,,,,,,,,,,,,,,,,,,,1,,,,,18,,,,,,,,,,,,,,,,,,,,,,,,,,25,,,,,,,,,,,,,,,,,,,,,,,,,,,,,,,,,,,,,,557
08.06.2019_4B_48h_18S.18S.exp.,,,,,,,,,,,,,,,,,101,37,,,,,,,,,,,,,,,17,,,,,,,,,,,,,,,,,140,,,,,,,,,,,,,,,,,,,,,,,,,,,,,,,,,,,,,,,,,,,,,,,,,,,,,,,,,,,,,,,,,,,,,,,,,,,,,,,,,,,,,,,,,,,,,,,,,,,,,,,,,,,,,,,,,,,,,,,,,,,,,,,,,,,,,,,,,,,,128,,41,,,,,,863,1010,,,,,,,33,,,,,,,,,,,40,,32,,,,,,,,,,,,,,,,,,,,,,,,,,,,,,,,,,,,,,,,,,,,,,,,,,,53,,,,,,,,,,,,,,,,,,,,58,,,,,,,,,,,,,,,,,,,,,,,132
2019.08.07_7.3_18S.18S.exp.,,,,,,,,,,,,,,,,,,,,,,,,,,,,,,,,,,,,,,,,,,,,,,,,,,8,,,,,,,,,,,,,,,,,,,,,,,,,,,,,,,,,,,,,,,,,,,,,,,,,,,,,,,,,,,,,,,,,,,,,,,,,,,,,,,,,,,,,,,,,,,,,,,,,,,,,,,,,,,,,,,,,,,,,,,,1,,,,,,,,,,,,,,,,,,,,912,,309,,,,63,,698,6321,,,,,,,56,,,,,,,,,,,,28,1746,,,,,,,2,,,,,,1,,,26,,,,,64,,,,,,,,,,,,,,,,,,,,9,,,,,,,,,,,,,,,,,,,,,,,,,,,,,,,,,,,,,,,,,4,,,,,,,,,,,,8
2019.08.07_8.1_18S.18S.exp.,,,,,,,,,,,,,1,,,,1,,,,,,,,,,,,,,,,,,,,,,,,,,,,,,,,,17,,,,,,,,,,,,,,,,,,,,,,,,,,,,,,,,,,,,,,,,,,,,,,,,,,,,,,,,,,,,,,,,,,,,,11,,,,1,,,,,,,,,,,,,,,,,,,,,,,,,,,,,,,,,,,,,,,,,,,,,,,,,,,,,3,,,,,,,,,,,,,,1560,,386,,,,,,5647,5041,,,,,,,127,,,,,,,,,,,,974,,,,,,,,,,,,,,,,,,,,,,78,,,,,,,,,,,,,,,,,,,,,,,,,,,,,,,,,,,,,,,,,,,,,,,,,,,,,,,,,,,,,58,,,,,,,,,,,,
2019.08.07_7.4_18S.18S.exp.,,,,,,,,,,,,,,,,,,,,,,,,,,,,,,,,,,,,,,,,,,,,,,,,,,5,,,,,,,,,,,,,,,,,,,,,,,,,,,,,,,,,,,,,,,,,,,,,,,,,,,,,,,,,,,,,,,,,,,,2,,,,,9,,,,,,,,,,,,,,,,,,,,,,,,,,,,,,,,,,,,,,,,,,,,,,,,,,,,,2,,,,,,,,,,,,,,787,,240,,,,,,2381,4059,,,,,,,101,,,,,,,,,,,,1626,,,,,,,,,,,,,,4,,,27,,,,,,,,,,,,,,,,,,,,,,,,,14,,,,,,,,,,,,,,,,,,,,,,,,,,,,,,,,,,,,,,,,,,,,,,,,,,,,,
2019.08.07_6.3_18S.18S.exp.,,15,,,,,,,,,,,3,,,,21,,,,,,,,,,,,,,,,,,,,,,,,,,,,,,,,,,,,,,,,,,,,,,,,,,,,,,,,,,,,,,,,,,,,,,,,,,,,,,,,,,,,,,,,,,,,,,,,,,,,,,,,,,,,,,,,,,1,,,,,,,,,,,,,,,,,,,,,,,,,,,,,,,,,,,,,,,4,,,,,,,,,,,,,,,,,,,,1105,,209,,,,,,581,6304,,,,,,,19,,,,,,,,,,,,19451,16,,,7,,,,,,,,,,,,,,,,,,,,,,,,,,,5,,,,,,,,,,,,,,,,,,,,,,,,,,,,,,,,,,,,,,,,,9,,,,,,,26,,,,,,,,,,,,,,,,176
2019.08.07_6.5_18S.18S.exp.,,,,,,,,,,,,,,,,,5,,,,,,,,,,,,,,,,,,,,,,,,,,,,,,,,,,,,,,,,,,,,,,,,,,,,,,,,,,,,,,,,,,,,,,,,,,,,,,,,,,,,,,,,,,,,,,,,,,,,,,,,,,1,,,,,,,,,,,,,,,,,,,,,,,,,,,,,,,,,,,2,,,,,,,,,,,,2,,,,,,,,,,,,,,,,,,,,219,,62,,,,,,178,1248,,,,,,,9,,,,,,,,,,,,15561,4,,3,,,,,,,,,,,,,,,,,,,,,,,,,,,,,,,,,,,,,,,,,,,,,,,,,,,,,,,,,,,,,,,,,,,,,,,,,,,,,,,,,,,,,,,,,,,,8
2019.08.06_5.4_18S.18S.exp.,,275,,,,,,38,,,,,20,,,,152,,,,,,,,,,,,,,,,,,,,,,,,,,,,,,,,,81,,,,,,,,,,,,,,,,,,,14,,,,,,,7,,,,,,,,,,,,,,,,,,,,,,,,,,,,41,,,,,,,,,,,,,,,,,,,22,,,,,,,,,,,,,,,,,,,,,,,,,,,,,,,,,64,,,,,,,,,,,,,,,,,,,,,,,8,,,,,,,,,,,476,,,,,,,,252,3563,,,,,,,53,,,,,,,,,,,,164,504,,39,56,,,,19,,,,,,,,,,,,,,57,,,,,,,,,,,,,,,,,,,,,,,,,,,,,,,,,,,85,27,,,,,,,,,,,,39,,31,,,,,,,,,,,,,,,,,,,,,,,4303
08.06.2019_4B_10h_18S.18S.exp.,,,,,,,,,,,,,,,,,155,,,,,53,,,,,,,,,,,,,,,,,,,,,,,,,,,122,255,,,,,,,,,,,,98,,,,,,,,,,,,,,,,,,,,,,,,,,,,,,,,,,,,,,,,,,,,,,,,,,,,,,,,,,,,,,,,,,,,,,,,,,,,,,,,,,,,,,,,,,,,,,,,,,,,,,,,,,,,41,,,,,,,,,,,,,,,,,,,,,,,,,,,,,276,,,,,,,8,,,,,,,,,,,,,155,,,,,,,,,,,,,,,,,,,,,,,,,,,,,,,,,,,,,,,,,,,,,,,,,,,,,,,,,,,,,,,,,,78,34,,,,,,29,,,,,,,,,41,,,,,,,,,,,,1147
2019.08.07_8.4_18S.18S.exp.,,,,,,,,,,,,,,,,,,,,,,,,,,,,,,,,,,,,,,,,,,,,,,,,,,,,,,,,,,,,,,,,,,,,,,,,,,,,,,,,,,,,,,,,,,,,,,,,,,,,,,,,,,,,,,,,,,,,,,,,,,,4,,,,,,,,,,,,,,,,,,,,,,,,,,,,,,,,,,,,,,,,,,,,4,,,,,,,,,,,,,,,,,,,,,,,825,,185,,,,,,2833,2876,,,,,,,16,,,,,,,,,,,,548,,,,,,,,,,,,,,,,,,,,,,62,,,,,,,,,,,,,,,,,,,,,,,,,,,,,,,,,,,,,,,,,,,,,,,,,,,,,,,,,,,,,,,,,,,,,,,,,8
2019.08.06_4.1_18S.18S.exp.,,263,,,,,,,,,,,49,,,57,23,,,,6,,,,,,,,,,,,,,,,,,,,20,,,,,,,,,54,,,,,,,,,,,,,,,,,,,,,,,,,,12,,,,7,,,,,,,,,,,15,,,,,,,,10,,,,,,,,,,,,,,,,,,,,,,,,10,,,,,,,,,,,,,,,,,,,,,,,,,,,,,,,,,,21,,,,,,,,,,,,,36,,,,,,,1,,,,,,,,,,,,,19,,,,,,,,51,887,133,10,,,,,45,,,,13,,,,,,,,144,434,,,31,,,,,,,,,,,,,,,14,,,,,,,,,,,,70,,,,,,,,,,21,,,,,,,,,,14,,,,,,15,,,,,,,,,,,,,9,,16,,,,,,,,,,,,,,16,11,,,,,,,,11748
2019.08.07_8.1_lab_18S.18S.exp.,,,,,,,,,,,,,,,,,,,,,2,,,,,,,,,,,,,,,,,,,,,,,,,,,,,,,,,,,,,,,,,,,,,,,,,,,,,,,,,,,,,,,,,,,,,,,,,,,,,,,,,,,,,,,,,,,,,,,,,,4,,,,,,,,,,,,,,,,,,,,,,,,,,,,,,,,,,,,,,,,,,,,,,,,,,,,,,,,,,,,,,,,,,,,,,,802,,232,,,,,,732,4862,,,,,,,78,,,,,,,,,,,,1210,,,,,,,,,,,,,,,,,8,,,,,55,,,,,,,,,,,,,,,,,,,,,,,,,,,,,,,,,,,,,,,,,,,,,,,,,,,,,,,,,,,,,,,,,,,,,,,6,,
2019.08.06_1.3_18S.18S.exp.,,,,,,,,,,,,,,,,,,,,,,,,,,,,,,,,,,,,,,,,,,,,,,,,,,,,,,,,,,,,,,,,,,,,,,,,,,,,,,,,,,,,,,,,,,,,,,,,,,,,,,,,,,,,,,,,,,,,,,,,,,,5,,,,,,,,,,,,,,,,,,,,,,,,,,,13,,,,,4,,10,,,,,,,,,,,,,,,,,,,,,,,,,,,,,,,,,,,114,,,,,,413,2647,462,,,,,,33,,,,,,,,,,,,7702,8,,,,,,,,,,,,,,,,10,,,,,,,,,,,,,,,,,3,,,,,,,,2,,,,,,,,,,,,,,,,,,,,,,,,,,,,,1,,,,,,,,,,,,,,,,,,,,,,,,
2019.08.06_3.1_18S.18S.exp.,,219,,,,,,,,,,,9,,,10,,,,,,,,,,,,,,,,,9,,,,,,,,16,,,,,,,,,19,,,,,,,,,,,,,,,,,,,,,,,,,,,,,,,,,,,,,,,,,,,,,,,,,,,,,,,,,,,,,,,,,,,,,,,,,,,,,,,,,,,,,,,,,,,,,,,,,,,,,,,,,,,,,,2,,,,,,,,,,,,,,,,,32,,,,,,,,,,,,,414,,,,,,,,699,3176,,,,,,,52,,,,,,,,,,,,188,86,,73,,,,,,,,,,,,,,,,,,,17,,,,,,,,,44,,,,,,,,,,,,,,,,,,,,,,,,,,8,,,,,,,,,,,,,,,,,,,,,,18,,,,,,,,,,,,,,,,3579
2019.08.06_2.2_surface_18S.18S.exp.,,1472,,,,,,,,4,,2,6,,,11,,,,,,,,,,,,,,,,,,,,,,,,,,,,,,,,,,,,,,,,,,,,,,,,,,,,,,,,,,,,,,,,,,,,,,,,,5,,,,,,,,,,,,,,5,,,,,,,,,,,,,,,,,,,,3,1,,,,,,,,,,,,,,,,,,,,,,,,,,,,,,,,,,,,,,,,,,,,,,,,,,,,,19,,,,,,,,,,,,,,,,,,,,,,538,,,,,,,36,,,,,,,,,,,,37,382,2,,,,,,1,,,,,,,,,,,,,,,8,,,,,,,,26,,,,,,,,,,,,10,,,,,,,,,,,,,,52,,,,,,,,,,,,,,,,,,,,,,,,,,,,,,,,,,,,,,10559
2019.08.06_4.2_18S.18S.exp.,,201,,,,,,,,,,,12,,,,102,,6,,,,,,,,,,,,,,,,,,,,,,,,,,,,,,27,15,,,,,,,,,,,12,,,,,,,,11,,,,,,,75,,,,,,,,,,,,,,,,,,,,,,,,,,,,,,,,,,,,,,,,,,,,,,,27,,,,,,,9,,,,,,,,,,,,,,,,,,,,,,,,,174,739,5,,,,,,,,,,,,,72,,,,,,,,,,,,,,,,,,,,53,,,,,,,,373,285,,,,,,,,,,,,,,,,,,,94,231,,,26,,,,17,,,,,,,,,,,,,,,,,,,,,,,38,,,,23,,,,,,,,,,,,,,13,,,,,,,,1149,,,,,,,,,,,,,,,,,,,,,17,,,,,63,16,,,,,,,,,,,3840
2019.08.07_7.2_lab_18S.18S.exp.,,,,,,,,,,,,,,,,,,,,,,,,,,,,,,,,,,,,,,,,,,,,,,,,,,,,,,,,,,,,,,,,,,,,,,,,,,,,,,,,,,,,,,,,,,,,,,,,,,,,,,,,,,,,,,,,,,,,,,,,,,,,,,,,,,,,,,,,,,,,,,,,,,,,,,,,,,,,,,,,,,,,,,,,,,3,,,,,,,,,,,,,,,,,,,,538,,153,,,,,,339,3784,,,,,,,409,,,,,,,,,,,,1371,,,,,,,,,,,,,,,,,,,,,,59,,,,,,,,,,,,,,,,,,,,,,,,,,,,,,,,,,,,,,,,,,,,,,,,,,,,,,,,,,,,,,,,,,,,,,,,,7
2019.08.07_6.1_lab_18S.18S.exp.,,,,,,,,,,,,,,,,,1,,,,,,,,,,,,,,,,,,,,,,,,,,,,,,,,,,,,,,,,,,,,,,,,,,,,,,,,,,,,,,,,,,,,,,,,,,,,,,,,,,,,,,,,,,,,,,,,,,,,,,,,,,,,,,,,,,,,,,,,,,,,,,,,,,,,,,,,,,,,,,,,,,,,,,,,,,,,,,,,,,,,,,,,,,,,,138,,,,,,,,358,363,,,,,,,4,,,,,,,,,,,,10393,,,,,,,,,,,,,,,,,,,,,,,,,,,,,,,,,,,,,,,,,,,,,,,,,,,,,,,,,,,,,,,,,,,,,,,,,,,,,,,,,,,,,,,,,,,,,,,
08.06.2019_3A_24h_18S.18S.exp.,,,,,,,,,,,,,,,,,11,,,,,,,,,,,,,,,,2,,,,,,,,,,,,,,,,,8,,,,7,,,,,,,,5,,,,,,,,,,,,,,,,,,,,,,,,,,,,,,,,,2,,,,,,,,,,,,,,,,,,,,,,,,,,,,,,,,,,,,,,,,,,,,,,,,,,,,,,,,,,,,,,,,,,,,,,,,,,,4,,,,,,,4,,,,,,,,,,,,,772,,112,,,,,,988,5316,,,,,,,94,,,,,,,4,,,,,497,,,7,,,,,,,,,,,,,,,,,,,21,,,,,,,,,,,,,,,,,,,,,,,,,,,,,,,,,,,4,,,,,,,,,,,,,,,,,7,,,,,,,,,,,,,,,,,,,,,39
2019.08.06_5_sediment_18S.18S.exp.,,,,,,,,,,,,,,,,,,,,,,46,,,,,,353,,10,,,,,,,,,,,,4,,,5,8,,,,,,,,,1,,,,,,,,,,,4,,,98,,,,30,,4,102,,,,,,,,,3,,11,,2,,,,1,,,,,,1759,,,,,,,,,,,,,2205,,,,,,,,,,,91,1,,,,,8,,,,,,,,,,,,,,,,,,,,,,,,,,,,,,,,,,10,,,,,,,4,,,,,3,,8,,,,,1,,,,,,,,17,,,,,,,,,608,,,,,,,829,11,,,,,,,52,,,,240,383,15,6,16,,,,9,,,,,,,,10,,,,,,,,,8,,,2,,,,,,,,,,,,,,22,,,,,,,,,,,,,1,,12,,36,,43,,,,,,,23,,,,,,16,,,,,,,,,,,59,,,,,3,,11,12,,507
2019.08.06_4.4_18S.18S.exp.,,191,,,,,,112,,,,,117,,,,19,,,,,,,,,,,,,,,,,,,,,,,,,,,,,,,,,215,,,,,,,,,,,,,,,,,,,18,,56,,,,18,74,,,,,,,,,,,,,,,,,,,,,,,,,,,,,,,,,,,,45,,,,,,,,,,,26,,,,,,,,,,,,,,,,,,,,,,,,,,,,,,,,266,508,,,,,,,,,,,,,,132,,,,,,,70,,,,,,,,,,,,,154,,,,,,,,1836,1100,,,,,,,7,,,,,,,,,,,94,328,621,,239,,,,,,,,,,,,,,,,,,,,,,,,,,,,173,,,,,,,,,,,,,,,,,,,,,,,,,,165,,,,,,,,,,,,,,,41,,,,,,,,,,,120,,,,,,,,,,,,6994
08.06.2019_3_T0_18S.18S.exp.,,,,,,,,,,,,,,,,,10,,,,,,,,,,,,,,,,,,,,,,,,,,,,,,,,,8,,,,,,,,,,,,3,,,,,,,,,,,,,,,,,,,,8,,,,,,,,,,,,,,,,,,,,,,,,,,,,,,,,,,,,,,,,,2,,,,,,,,,,,,,,,,,,,,,,,,,,,,,,,,,,,,,,,,,,,,,,,,,,,,,,13,,,,,,,,,,1,,,396,,69,,,,,,135,2938,,,,,,,159,,,,,,,,,,,,581,7,,21,,,,,,,,,,,,,,,,,,,,,,,,,,,,,,,,,,,,,,,,,,,,,,,,,,,,,,,,,,,,,,,,,,,,,8,,,,,,,,,,,,,,,,,,,,,,,78
2019.08.07_6_sediment_18S.18S.exp.,,,,,,,,,,,,,,,,,,,,,,39,,,,,,13,,,,,,9,,,,,,,,,,,,,,,,,,,,,,,,,,,,,,,,,,,89,,,,,,10,118,,23,,,,,,,,,,,,,,,,,,,,,,,,,,,,,,,,,,,,,,,,,8,,,,,,,,,,,,,,,,,,,,,,,,,,,,,,,,,,,,,,,,,,,,,,,,,,,3,,,,,,,,,1,,,,,,,,,,,310,,,,,,,,122,1054,,,,,,,,,,,,,,,,,,77,8125,2401,,178,,,,,,,,,,,,,,,,,,,,,,,,,,,,,,,,,,,,,,,,,,,,,6,,,,,,,,,,,,,,,,,,,,45,,,,,,223,,,,,,,,,,,,,,,,,,,124,,236
08.06.2019_4A_10h_18S.18S.exp.,113,54,,,,,55,,,,,,349,,66,,144,,,,,,,,,,,,,,,,71,,,,,,,,,,,,,,,,,55,,,,36,,,,,,,,,,,,,,,,,,,,,,22,,,,,,,,,,,,29,97,,,,,,,,,,270,,,42,,,,,,,,41,,,,,,,,,,,,,,,28,57,,,,,,,119,,,,,,,,,,,,,,,,,,,,,,,,,,,,,,,,,,,,,72,,,,,,,229,,,,,,,,,,,,,408,,,,,,,,28,3787,,17,,,,,548,,,,,,,,,,,60,137,436,,,,,,,,6,,,,,,,,,,1580,,,,,,,,,,,,,,,,,,,,10,7,,,74,,,,,,,267,190,81,,,,,713,,,,,,,,,,,,,,,88,,,,,,,,,,,,,,,,,,,,,,,2929
2019.08.06_5.1_18S.18S.exp.,,204,,,,,,21,,,,,,,,,141,,,,7,,,,,,,43,,,,,,,,,,,,,,,,,,,,,,247,,,17,,,,,,,,,33,,,,,,,,,,,,,,,,,,,,,,,,,,,,,,,,,,,,,,,,,,11,,,,,,,1,,,,,,,,,,,,12,,,,,,,,,,,,,38,,,,,11,,,,,,,,,,,,,,13,102,,,,,,,,,,,,,,31,,,,,,,19,,,,,,,,,,,,,430,,,,,,,,168,3572,,,,,,,83,,,,,,,,,,,36,289,2826,,42,,,,,,,,,,,,,,,,,,,,,,,,,,,,,,,,,,,,,,,,30,,,,,,,,,,,,,,,,,,,,,,27,,,19,,,,46,,,,,,13,,,,,63,,,,,25,,,,,24,,2930
2019.08.07_6.3_lab_18S.18S.exp.,,,,,,,,,,,,,,,,,4,,,,,,,,,,,,,,,,,,,,,,,,,,,,,,,,,,,,,,,,,,,,,,,,,,,,,,,,,,,,,,,,,,,,,,,,,,,,,,,,,,,,,,,,,,,,,,,,,,,,,,,,,,,,,,,,,,,,,,,,,,,,,,,,,,,,,,,,,,,,,,,,,,,,,,,,,,,,,,,,6,,,,,,,,,,,,,297,,54,,,,,,249,1666,,,,,,,6,,,,,,,,,,,,18036,,,,,,,,,,,,,,,,,,,,,,,,,,,,,,,,,,,,,,,,,,,,,,,,,,,,,,,,,,,,,,,,,,,,,,,,3,,,,,,,,,,,,,,,,,,,,,,,
08.06.2019_5A_48h_18S.18S.exp.,,,,,,,,,,,,,,,,,248,,,,,,,,,,,,,,,,,,,,,,,,,,,,,,,,,316,,,,3,,,,,,,,,,,,,,,45,,,,,,81,,,,,,,,,,,,,,,,,,,,,,,,,,,,,,,,,,,,,,,,,,,,,26,,,16,,,,,,,,,,,,,,,,,,,,,,,,,,,,,,,,,,,,,,,,,,,,,,,62,,,,,,,,,3,,,,,,,,,,,741,,60,,,,,,638,6933,,,,,,,240,,,,,,,,,,,,110,242,,,,,,,,,,27,,,,,,,,,,,130,,,,,,,,,185,,,,,,,,,,,,,,,,,,,,,,,,,,219,,,,,,,,50,,,42,,,,210,,66,,,,,,,57,,37,,,,,,,,,,,,1027
2019.08.06_3.3_18S.18S.exp.,,92,,,,,,,,,,,,,,28,2,,,,,,,,,,,,,,,,,,,,,,,,31,,,,,,,,,,,,,,,,,,,,,,,,,,,,,,,,,,,,,,,,,,,,,,,,,,,,,,,,,,,,,,,,,,,,,,,,,,,,,,1,,,,,,,,,,,,,,,,,,,,,,,,,,,,,,,,,,,,,,,,,,,,,,,,,,,,,,,,,,2,,,,,,,,,,,,,232,,,,,,,,160,1322,,,,,,,4,,,,,,,,,,,,55,68,,2,,,,,,,,,,,,,,,,,,,,,,,,,,,,20,,,,,,,,,,,,,,,,,,,,,,,,,,4,,,,,,,,,,,,,,,,,,,,,,,,,,,,,,,,,,,,,,9807
08.06.2019_2A_Top_48h_18S.18S.exp.,,25,,,,,,,,,,,,,,,,,,,,,,,,,,,,,,,,,,,,,,,,,,,,,,,,,,2,,,,,,,57,,,,,,,,,,,,,,,,,,,,,,,,,,,,,,,,,,,,,,,,,,,,,,,,,,,,,,,,,,,,,,,,309,,,,,,,,4,,,1,11,,,,,,,,,,,,,,,,,,,,,,,,,,,,,,,,,,,,,,,,,,25,,,,,,,,,,,,,,,,,,,,,,896,66,,,,4,9,76,,,,,,,,,,,,,144,8,,,,,,,,,,,,,,,,,,,,9,,,,,,,,,,,,,,,,,,,,,661,,,,,,,346,284,,54,,,,8377,,,,,,,,,,,,,,,,,,,,,,,,,,,,,,,,,,,,,,10372
2019.08.06_2.2_bottom_18S.18S.exp.,13,990,,,,,,,,20,,,16,,,,2,,,,,,,,,,,,,,,,,,,,,,,,,,,,,,,,,,,16,,,,,,,,3,,,6,,,,,,,,,,,,,,,,,,,,,,,,,,20,,,,,,,6,,,19,7,,85,,,,,,,,,,,,,10,,,,,,,,74,9,,20,,3,,,,2,5,,,,,,,,,,,,,,,,,,,,,12,4,,9,,,,,,,,7,,,4,,,,,,,,,723,,,,,,,,,,,,,63,,,,,,9,,27,3119,,2,,,,32,449,,,,,,,,,,,,,1233,39,15,413,,,,3,,,,,,8,,,,,1046,,,,77,,,,6,,,,415,,,,,19,,,36,20,20,,118,11,,,,,,23,26,,10,,,,1239,,,,,,,,,,,,,,,,,,,,,,,,,,,,,,,,,,,,,,6001
2019.08.06_3_sediment_18S.18S.exp.,,,,,,,,,,,,,,,,,,,,,,11,1,,,,,,,,,,88,,,,,,3,,,,,,,,,,,,,,,,,,,8,24,,,,,,,,,,,,,,,,,,,,9,,,,,,,,,,,,,,,,,,,,,,,,,,,9,,,,,,,,,,,113,,108,,,,,410,,,,,,,,,,,,,,,,,,,,,,,,,,,,,,,,,,,27,,,,,,,25,,,,,,,,,,,57,,,,,,,,,,,,1,354,,,,,,,,35,2206,,,,,,,16,,,,,,,,2,,,,76,10845,,5,,,,,,,,,11,,,,,101,,,84,,,,,10,,,,,,,,,,,,,,,,1,,,,16,,,9,,,,,,,,,,,35,,58,12,,,,266,,30,,,,,,85,,,,,62,,,,57,,,,,68,,,,,68,,682
08.06.2019_1A_24h_18S.18S.exp.,,,,,,,,,,,,,,,,,,,,,,,,,,,,,,,,,,,,,,,,,,,,,,,,4,,,,,,,,,,,,,,,,,,,,,,,,,,,,,,,,,,,,,,,,,,,,,,,,,,,,,,,,,,,,,,,,,,,,,,,,,,,,,,,,,,,,,,,,,,,,,,,,,,,,,,,,,,,,,,,,,,,,,,,,,,,,,,,,,3,,,,,,,,,,,,,855,,236,,,,,,502,5137,,,,,,,664,,,,,,,,,,,,5671,,,,,,,,,,,,,,,,,11,,,,,89,,,,,,,,,,,,,,,,,,,,,,,,,,,,,,,,,,,,,,,,,,,,,,,,,,,,,,,,,,,,,,,,,,,,,,,,,2
2019.08.06_4_sediment_18S.18S.exp.,,,6,,,,,,,,6,,52,,,,15,,,3,,106,,3,2,,,979,17,7,,35,81,,4,6,,16,,,,,,11,4,,17,,,,,,,4,,,,,36,,,32,,10,21,,150,,33,,,15,,,64,337,,,12,,3,,,,6,4,,,6,,,,,,,,,,9,,,,,,50,,9,14,,,,,,11,,3,,,,,2,3,41,,,,,,,,,,,5,,,,,,,,,,,,32,11,,,,,,,,,,,,5,,4,,2,,,,19,,,,,,,,,,56,,,,,,,,,,,,,43,,,,,8,8,,,720,,,,,,,5,13,5,,,,21,,9,9,,29,95,6648,5,26,18,4,2,,13,,,,,,11,,,,,,,,,,,57,,,,,,17,,,,,,,,,,,,,,,,,,,,,,,18,,3,36,,,,,42,4,,,358,,702,22,,,29,,142,,,19,,61,,11,,136,,,104,,78,20,,,,147,22,12782
2019.08.06_2.1_bottom_18S.18S.exp.,8,1255,,,,,,,,34,,4,21,,,,,,,,,,,,,,,,,,,,,,,,,,,,,,,,,,,,,,,21,,,,,,,,,,,3,,,,,,,,,,,,,,,,,,,,,,,,,,11,,,,,,,4,,,17,3,,22,,,,,,,10,,,,,,,,1,,,,,,23,6,,37,,,,,,4,,,,,,,,,,9,,,,,,,,,,,,,,,,,,,,,,,3,,,4,,,5,,,,,,213,,,,,,,1,,,,,,40,,,,,,,,,951,,,,,,21,261,,,,,,,,,,,,143,565,30,10,250,,,,1,,,,,,,,,,,505,,,,99,,,2,,,,,564,,,,,,14,,16,,33,,47,,,,,,,25,15,,3,,,,825,,,,,,,,,,,,,,,,,,,,,,,,,,,,,,,,,,,,,,8504
2019.08.07_7.5_18S.18S.exp.,,,,,,,,,,,,,,,,,3,,,,1,,,,,,,,,,,,,,,,,,,,,,,,,,,,,,,,,,,,,,,,,,,,,,,,,,,,,,,,,,,,,,,,,,,,,,,,,,,,,,,,,,,,,,,,,,,,7,,,,,,,,,,2,,,,,,,,,,,,,,,,,,,,,,,,,,,,,,,,,,,,,,,,,,,,,,,2,,,,,,,7,,,,,,,,,,,,,1293,,,,,,,,557,6449,,,,,,,67,,,,,,,,,,,,1998,,,,,,,,,,,,,,16,,,21,,,,,61,,,,,,,,,,,,,,,,,,,,12,,,,,,,,,,,,,,,,,,,,,,,,,,,,,,19,,,,,,,,,,,,,,,,,,,,,,,
08.06.2019_2_Top_T0_18S.18S.exp.,,24,,,,,,,,,,,,,,,,,,,,,,,,,,,,,,,,,,,,,,,,,,,,,,,,,,,,,,,,,,,,,,,,,,,,,,,,,,,,,,,,,,,,,,,7,,,,,,,,,,,,,,8,,,,,,,,,,,,,,,,,,,,,,,,,,,,,,,,,,,,,,,2,,,,,,,,,,,,,,,,,,,,,,,,,,,,,,,,,,,189,,,,,,,,,7,,,,119,,,,,,,,4,8484,,,,,,26,953,,,,,,,,,,,,13,12,5,,8,,,,,,,,,,,,,,,,,,,5,,,,,,,,,,,,,,,,,,,,,,,,,,,,,,,,,,15,,,,,,,,,,,,,,,,,,,,,,,,,,,,,,,,,,,,,,219
2019.08.07_7.1_18S.18S.exp.,,4,,,,,,,,,,,,,,,,,,,,,,,,,,,,,,,,,,,,,,,,,,,,,,,,,,,,,,,,,,,,,,,,,,,,,,,,,,,,,,,,,,,,,,,1,,,,,,,,,,,,,,,,,,,,,,,,,,,,,2,,,,,4,,,,,,,,,,,,,,,,,,,,,,,,,,,,,,,,,,,,,,,,,,,,,,,,,,,,,,,,,,,,,,,,,,,557,,154,,,,,,380,4418,,,,,,,54,,,,,,,,,,,,2544,5,,,,,,,,,,,,,,,,14,,,,,,,,,,,,,,,,,,,,,,,,,7,,,,,,,,,,,,,,,1,,,,,,,,,,,,,,,,,,,,,,,,,,,,,,,,,,,,,,15
2019.08.07_8_sediment_18S.18S.exp.,,,,,,,,,,,,,,,,,,,,,,33,,,,,,,,,,,,,,,,,,,,,,,,,,,,,,,,,,,,,,,,,,,,,,,5,,,,,,2,4,,,,,,,,,,,,,,,,,,,,,,,,,,,,,,,,,,,,,,,,,,,1328,,,,5,,,,,,,,,,,,,,,,,,,,,,,,,,,,,,,,,,,,,,,15,,,,122,,,,,,,,,,,,,,,,,,,,,,,,505,,,,,,,,227,2070,,,,,,,48,,,,,,,,,,,,17707,39,,,,,,,,,,,15,,,,,29,,,22,,,,,,,,,,,,,,,,,,,,,,,,,17,,,,,,,,,,,,,,,,,,,,,17,,,,,,,,,7,,,,,,,,,,,,,,,,,,5,,19
2019.08.06_3.2_18S.18S.exp.,,42,,,,,,,,,,,53,,,33,2,,,,,,,,,,,,,,,,,,,,,,,,,,,,,,,,,7,,,,,,,,,,,,,,,,,,,,,,,,,,,,,,,,,,,,,,,,,,,,,,,,,,,,,,,,,,,,,,,,,,,,,,,,,,,,,,,,,,,,,,,,,,,,,,,,,,,,,,,,,34,132,,,,,,,,,,,,,,9,,,,,,,12,,,,,,,,,,,,,191,,,,,,,1,165,1334,,,,,,,,,,,,,,,,,,,34,12,,,,,,,,2,,,,,,,,,,,,,,,,,,,,,,,,,,,,,,,,,,,,,,,,,,,,,,,,,,,,,,,,,,,,,,,,,,,,2,,,,,,,,,,,,,,,,,,8818
2019.08.06_5_salt_18S.18S.exp.,,,,,,,,8,,,,,,,,,187,,,,,,,,,,,,,,,,86,,,,,,,,,,,,,,,,,36,,,,,,7,,,,,,,,,,18,20,,,,,14,,,5,56,,,,,,,,,,,,,,,,,,,,,,,84,,,,,16,,,,,,,,12,,,,,,,12,,,,28,,,,,,,,,,,,,,,,,,,,,,,,,,,,,,,,,,,,,,,,,,,,,,,25,,,,,,,11,,,,,,,,,,,,,832,,78,,,,,,1691,7808,,,,,,,146,,,,18,,,,41,,,7,470,214,18,,60,,,13,,,,,,,,,,,,,19,,,,,20,,,,,,17,,,,,,,,,,,34,,,,,,,,,,,,,,4,16,12,,,,,,,,,,,,13,,,,344,,,192,,48,17,,,,,6,,,,,,,,41,,465
08.06.2019_4B_24h_18S.18S.exp.,,,,,,,,,,,,,,,,,110,,,,,,,,,,,50,,,,,81,,,,,,,,,,,,,,,,,111,,,,,,,,,,,,107,,,,,,,51,,,,,,,46,,,,,,,,,,,,,,,,,,,,,,,,,,,,,,,,,,,,,,,,,,,,,,,64,,,,63,,,,,,,,,,,,,,,,,,,,,,,,,,,,,,,,,,,,,,,,,,,40,,,,,,,,,,,,,,,,,,,,88,,,,,,,,92,803,,,,,,,65,,,,,,,,,,,,,185,,,,,,,,,,,,,,,,5,18,,,,,,,,,,,,,,,,,,,,,,,,,,,,,,,,,,,,,,,,,,,,,,,55,,,83,,,,134,,,,,12,,,,,,,,,,,,,,,,41,,127
2019.08.07_7.2_18S.18S.exp.,,,,,,,,,,,,,,,,,,,,,,,,,,,,,,,,,,,,,,,,,,,,,,,,,,,,,,,,,,,,,,,,,,,,,,,,,,,,,,,,,,,,,,,,,5,,,,,,,,,,,,,,,,,,,,,,,,,,,,,,,,,,4,,,,,,,,,,,,,,,,,,,,,,,,,,,,,,,,,,,,,,,,,,,,,,,,,,,,,,,,,,,,,,,,,,,615,,159,,,,,,436,3846,,,,,,,41,,,,,,,,,,,,1935,6,,,,,,,,,,,,,,,,13,,,,,56,,,,,,,,,,,,,,,,,,,,4,,,,,,,,,,,,,,,,,,,,,,,,,,,,,,,,,,,,,,,,,,,,,,,,,,,,,
08.06.2019_2B_Top_10h_18S.18S.exp.,,10,,,,,,,,,,,,,,,,,,,,,,,,,,,,,,,,,,,,,,,,,,,,,,,,,,4,,,,,,,,,,,,,,,,,,,,,,,,,,,,,,,,,,,,,4,,,,,,,,,,,,,,4,,,,,,,,,,,,,,,,,,,,3,,,,,,,,,,,,,,,,,,,,,,,,,,,,,,,,,,,,,,,,,,3,,,,,,,,,,,,285,,,,,,,,,,,,,191,,,,,,,,5,13807,,3,,,,51,1388,,,,,,,,,,,,5,29,,,,,,,,,,,,,,,,,,,,,,2,,,,,,,,,,,,,,,,,,15,,,,,,,,,,,,,,,,20,,,,,,,,,,,,,,,9,,,,,,,,,,,,,,,,,,,,,,,78
2019.08.07_6.2_lab_18S.18S.exp.,,,,,,,,,,,,,,,,,,,,,,,,,,,,,,,,,,,,,,,,,,,,,,,,,,,,,,,,,,,,,,,,,,,,,,,,,,,,,,,,,,,,,,,,,,,,,,,,,,,,,,,,,,,,,,,,,,,,,,,,,,,,,,,,,,,,,,,,,,,,,,,,,,,,,,,,,,,,,,,,,,,,,,,,,,,,,,,,,,,,,,,,,,,,,,,,,,,,,,91,1215,269,,,,,,8,,,,,,,,,,,,15340,1,,,,,,,,,,,,,,,,,,,,,,,,,,,,,,,,,,,,,,,,,,,,,,,,,,,,,,,,,,,,,,,,,,,,,,,,,,,,,,,,,,,,,,,,,,,,,,
2019.08.06_2_sediment_18S.18S.exp.,,,,,,,,,,,,,,,,8,,,,,,,,,,,,,,,,,,,,,,,,,,,,,,,,,,,,,,,,,,,,,,,,,,,,,,,,,,,,,,,,,,,5,,,,,,,,,,,,,,,,3,,,,,,,,,,,,,,,,,,,,,,,,,,3,4,,,,,,,,,,,,,3,,,,,,,,,,,,,6,,,,,,,,,,,,,,3,,,,,,,,,,,621,,,,,,10,,,,,,,19,,,,38,,26,,4,,,,,,,,136,,,,,,,,17,,,,,122,53,,7198,,,,,7,,,,13,,,,,,86,3,,,3,,,,55,,,,37,,,,,,,,,,7,,,,,,,,,,,,,,,,7,,,,,,,,,,,,,,,,,,,,,,,,,,,,,,,,,,3,,,,5463
08.06.2019_1_T0_18S.18S.exp.,,,,,,,,,,,,,,,,,10,,,,,,,,,,,,,,,,,,,,,,,,,,,,,,,,,,,,,,,,,,,,,,,,,,,,,,,,,,,,,,,,,,,,,,,,,,,,,,,,,,,,,,,,,,,,,,,,,,,,,,,,,,3,,,,,,,,,,,,,,,,,,,,,,,,,,,,,,,,,,,,,,,,,,,,,,,,,,,,,,,,,,,,,,,,,,,384,,105,,,,436,,1036,4010,,,,,,,57,,,,,,,,,,,,5385,3,,,,,,,,,,,,,,,,,,,,,,,,,,,,,,,,,,,,,,,,,,,,,,,,,,,,,,,,,,,,,,,,,,,,,,,,,,,,,,,,,,,,,,,2,,,,,,,
2019.08.06_2.3_surface_18S.18S.exp.,,676,,,,,,,,,,,14,,,22,,,,,,,,,,,,,,,,,,,,,,,,,,,,,,,,,,,,4,,,,,,,,,,,,,,,,,,,,,,,,,,,,,,,,,,,,,,,,,,,,,,,,,,,10,,,,,,,,,,,,,,,,,,,,4,3,,,,,,,,,,,,,,,,,,,,,,,,,,,,,,,,,,,,,,,,,,,,,,,,,,,,,22,,,,,,,,,,,,,10,,,,,,,,,679,,,,,,,22,,,,,,,,,,,,29,175,8,,,,,,,,,,,,,,,,,,,,,15,,,,,,,,25,,,,,,,,,,,,9,,,,,,,,,,,,,,65,,,,,,,,,,,,,,,,,,,,,,,,,,,,,,,,,,,,,,14859
08.06.2019_2B_Bottom_48h_18S.18S.exp.,,32,,,,,,,,,,,5,,,,,,,,,,,,,,,,,,,,,,,,,,,,,,,,,,,,,,,4,,,,,,,50,,,,,,,,,,,,,,,,,,,,,,,,,,,,,,4,,,,,,,3,,,2,,,6,,,,,,,,,,,,,,,,,,,,,94,,,2,,,,,,,,,7,,,,,,,,,,,,,,,,,,,,,,,,,,,,,,1,,,,,,,,,,,,96,,,,,,,,,,,,,,,,,,,,,,6034,,,,,,,150,,,,,,,,,,,,16,342,14,,,,,,,,,,,,7,,,53,,,,,,9,,,,,,,,,,,,,11,,,15,,22,,134,,,,,,,46,38,,27,,,,5170,,,,,,,,,,,,,,,,,,,,,,,,,,,,,,,,,,,,,,10822
08.06.2019_2A_Bottom_10h_18S.18S.exp.,21,140,,,,,,,2,14,,,2,,,,3,,,,,,,,,,,,,,,,,,,,,,,,,,,,,,,,,8,,21,,,,,,,,,,,,,,,,,,,,,,,,,,,,,,,,,,,,,31,,,,,,,5,,,24,4,7,95,,,,,,,20,,,,,,,,,,,,,,7,7,,11,,,,,,,5,,,,,,,,,,,5,,,,,,,,,,25,,,,,,,,,,,17,,,4,,,,,,,,,1374,,,,,,,,1,8,,,,104,,,,6,,,,16,3956,,29,,,,87,779,,,,,,,,,,,,87,270,50,,113,,,,,,,,,,19,,,,,2970,,,,105,,,,,,,,119,,,,,,58,,95,52,58,,51,4,,3,,,,28,12,,16,,,,981,,,,,,,,,,,,,,,,,,,,,,,,,,,,,,,,,,,,,,3518
08.06.2019_5B_24h_18S.18S.exp.,,,,,,,,,,,,,,,,,375,,,,,9,,,,,,,,,,,,,,,,,,,,,,,,,,,,198,,,,,,,,,,,,,,,,,,,,,5,,,,,130,,,,,,,,,,,,,,,,,,,,,,,,,,,,,,,,,,,,,,,,,,,,,,,61,,,,,,,,,,,,,,,,,,,,,,,,,,,,,,,,,,,,,,,,,,,,,,,,,,,,,,,,,,,,,,,,,,,377,,,,,,,,99,2591,,,,,,,166,,,,,,,,,,,,194,82,,,,,,,,,,,,,,,,,,,,,,,,,,,,,,,,,,,,,,,,,,,,,,,,,,,,,,,,,,,,,,,,,,,197,,,,94,,,,,,,,,,,,,,,,34,,,,,61,,526
2019.08.07_8.3_lab_18S.18S.exp.,,,,,,,,,,,,,,,,,2,,,,,,,,,,,,,,,,,,,,,,,,,,,,,,,,,,,,,,,,,,,,,,,,,,,,,,,,,,,,,,,,,,,,,,,,,,,,,,,,,,,,,,,,,,,,,,,,,,,,,,,,,,,,,,,,,,,,,,,,,,,,,,,,,,,,,,,,,,,,,,,,,,,,,,,,,3,,,,,,,,,,,,,,,,,,,,745,,196,,,,,,717,4518,,,,,,,16,,,,,,,,,,,,700,,,,,,,,,,,,,,,,,3,,,,,,,,,,,,,,,,,,,,,,,,,,,,,,,,,,,,,,,,,,,,,,,,,,,,,,,,,,,,,,,,,,,,,,,,,,,,,,3
08.06.2019_2B_Top_48h_18S.18S.exp.,,37,,,,,,,,,,,,,,,2,,,,,,,,,,,,,,,,,,,,,,,,,,,,,,,,,,,,,,,,,,35,,,,,,,,,,,,,,,,,,,,,,,,,,,,,,,,,,,,,,,,,,,,13,,,,,,,,,,,,,,,,,,,,68,,,,,,,,,,,,4,,,,,,,8,,,,,,,,,,,,,,,,,,,,,,,,,,,,,,,,,,,173,,,,,,,,,,,,,71,,,,,,,,,4035,,,,,,30,525,,,,,,,,,,,,20,201,5,,4,,,,,,,,,,,,,,,,,,,7,,,,,,,,,,,,,,,,,,11,,243,,,,,,,166,109,,25,,,,5207,,,,,,,,,,,,,,,,,,,,,,,,,,,,,,,,,,,,,,6633
2019.08.07_7_salt_18S.18S.exp.,,,,,,,,,,,,,,,,,,,,,,,,,,,,,,,,,,,,,,,,,,,,,,,,,,3,,,,,,,,,,,,,,,,,,,,,,,,,,3,,,,,,,,,,,,,,,,,,,,,,,,,,,,2,,,,,,,,,,,,,,4,21,,,,21,,,,,,,,,,,,,,,,,,,,,,,,,,,,,,,,,,,,,,,,,,,69,,,,12,,,6,,,,,,,,1,,,,,,,,,1123,,148,,,,69,,488,978,,,,2,,,35,,,,,,,,,,,,12344,139,,,,,,,,,,,,,,,,,,,,,,,,,,,,,,,,,,,,,,,,,,,,,,,,,,,,,,,,,,,,,,,,,,,,,,,,,8,,,,,,,,,,,,,,,,,,,,,8
2019.08.07_6_salt_18S.18S.exp.,,,,,,,,,,,,,,,,,,,,,,,,,,,,7,23,,,,,,,,,,,,,,,,,,,,,,,,,,,,,,,,,,,,,,,,138,,,,,,,,,,,,,,,,,,,,,,,,,,,,,,,,,,,,,,,,,,,,,,,,,,,,,,,,,,,,,,,,,,,,,,,,,,,,,,,,,,,,,,,,,,,,,,,,,,,,19,,,,,,,,,,,,,,,,,,,,,278,,,,,,,,66,236,,,,,,,,,,,,,,,,,,,6719,2959,78,,,,,,,,,,,,,,,,,,,,,,,,,,,,,,,,,,,,,,,,,,,,,,,,,,,,,,,,,,,,,,,,,,,,,,,,,,,,,,,,,,,,,,,,,,,113,,2329
2019.08.06_1_CP_0.2_18S.18S.exp.,,,,,,,,,,,,,,,,,5,,,,,,,,,,,,,,,,,,,,,,,,,,,,,,,,,,,,,,,,,,,,,,,,,,,,,,,,,,,,,,,,,,,,,,,,,,,,,,,,,,,,,,,,,,,,,,,,2,,,,,,,,,,48,,,,,,,,,,,,,,,,,,,,,,,,,,,,,,,,,,,,,,,,,,,,,,,2,,,,,,,3,,,,,,,,,,,,,232,,41,,,,,,107,1212,,,,,,,181,,,,,,,,,,,,17731,2,,,,,,,,,,,,,,,,,,,,,,,,,,,,,,,,,,,,,,,,,8,,,,,,,,,,,,,,,,,,,,,,,,,,,,,,6,,,,,,,,,,,,,,,,,,,,,,,17
08.06.2019_1A_48h_18S.18S.exp.,,,,,,,,,,,,,,,,,,,,,,,,,,,,,,,,,,,,,,,,,,,,,,,,,,,,,,,,,,,,,,,,,,,,,,,,,,,,,,,,,,,,,,,,,,,,,,,,,,,,,,,,,,,,,,,,,,,,,,,,,,,8,,,,,,,,,,,,,,,,,,,,,,,,,,,,,,,,,,,,,,,,,,,,,,,,,,,,,,,,,,,,,,,,,,,869,,237,,,,,,972,6681,,,,,,,621,,,,,,,,,,,,13128,,,,,,,,,,,,,,,,,9,,,,,74,,,,,,,,,,,,2,,,,,,,,,,,,,,,,,,,,,,,,,,,,,,,,,,,,,,,,,,,,,,,,,,,,,,,,,,,,,6
08.06.2019_2A_Top_10h_18S.18S.exp.,,21,,,,,,,,,,,,,,,,,,,,,,,,,,10,,,,,,,,,,,,,,,,,,,,,,,,3,,,,,,,,,,,,,,,,,,,,,,,,,,,,,,,,,,,,,,,,,,,,,,,4,,,,,,,,,,,,,,,,,,,,,,,,,,,,,,,,,,,,,,,,,,,14,,,,,,,,,,,,,,,,,,,,,,,3,,,,,,,,,,,,254,,,,,,,,,,,,,107,,,,,,,,,8564,,,,,,,1105,,,,,,,,,,,,19,31,,,,,,,,,,,,,,,,,,,,,,12,,,,,,,,,,,,,,,,,,,,11,,,,,,,5,,,,,,,25,,,,,,,,,,,,,,,,,,,,,,,,,,,,,,,,,,,,,,82
08.06.2019_4A_24h_18S.18S.exp.,,,,,60,,,,,,,,,,,,426,,,,,,,,,,,254,,,,,58,,,,,,,,,,,,,,,,,367,,,,,,,,,,,,,,,,,,,,,,,,,18,,,,42,,,,,,,,,,,,,,,,,,,,,,,,,,,,,,,,,,,,,,,,,26,,,,,,,,,,,,,,2,,,,,,,,,,,,,,,,,,,80,,,,,,,,,,,,,,,,,,,,,,,,,,,,,,,,,,,,,179,,,,,,,,921,1005,,,,,,,82,,,,,,,,,,,,129,199,,,,,,,,,,,,,,,,,,,,,,,,,,,,,,,,,,,,,,,,,,,,,,,,,,,,,,,,,,,,,,,,,,,,,,,89,,,,,,,77,,,,,29,,,,,,,,,,,454
08.06.2019_2A_Top_24h_18S.18S.exp.,,61,,,,,,,,,,1,,,,,3,,,,,,,,,,,,,,,,,,,,,,,,,,,,,,,,,5,,2,,,,,,,,,,,,,,,,,,,,,,,,,,,,,,,,,,,,,14,,,,,,,,,,,,,,19,,,,,,,,,,,,,,,,,,,,75,5,,,,,,,,,,,6,,,,,,,5,,,,,,,,,,,,,,,,,,,,,,,6,,,,,3,1,,,,,,338,,,,,,,,,,,,,138,,,,,,,,,10574,,,,,,43,1264,,,,,,,,,,,,36,285,18,,6,,,,,,,,,,,,,,,,,,,9,,,,,,,,,,,,,,,,,,18,,238,,,,,,,156,115,,19,,,,3205,,,,,,,,,,,,,,,,,,,,,,,,,,,,,,,,,,,,,,2793
08.06.2019_4A_diluted_48h_18S.18S.exp.,,,,,,,,81,,24,,,,,,,204,28,,,,80,,,,,,113,,,,,,,,,,,,,,,,,,,,,,118,,,,,,,,,,,,,,,,,,,,,,,,,31,12,,,,,,,,,,,,,,,,,,,,,,,,,,,,,,,,,,,,,,,,,,,,,,,,,,,,,,,,,,,,,,,,,,,,,,,,,,,,,,,,,,,,,,,,,,,,,,59,,,,,,,66,,,,,,,,,,,,,94,,,,,,,,132,1925,,,,,,,38,,,,,48,,,,,,,,69,,13,,,,,,,,,,,,,,,,,,,63,,,,,,,,,,,,,,,,,,,,,,,,,,,,,,,,,,,192,,,,,,,,,,,,,,,147,,,,,,,,,,,74,,,,,,,,,,41,,1391
08.06.2019_3B_24h_18S.18S.exp.,,3,,,,,,,5,,,,,,,,2881,,,,2,,,,,,,,,,,,,,,,,,,,,,,,,,,,,18,,,,,,,,,,,,,,,,112,,,,,,,,,,,,,,6,,,,,,,,,,,,,,,,,,,,,,,,,,,,,,,,,,,,,,,,,,,3,,,,,,,,,,,,,,,,,,,,,,,,,,,,,,,,,,,,,,,,,,,26,,,,3,,,,,,,,,,,,,,,,,,,,1090,,124,,,,,,431,7986,,,,,,,118,,,,,,,,,,,,726,38,,15,,,,,,,,,,,,,,,,,,,81,,,,,,,,,,,,,,,,,,,,,,,,,,,,,3,,,,,,19,,,,,,,,,,,,,,,,,,,,5,,,,,,,,,,,,,,,,,,43
2019.08.06_4.5_18S.18S.exp.,,,,,,,,,,,,,16,,,,97,,,,,,,,,,,,,,,,,,,,,,,,61,,,,,,,,,377,,,,,,,,,,,,47,,,,,,,,,,,,,,,,,,,,,,,,,,,,,,,,,,,,,,,,,,,,,,33,,,,,,,,,,,16,,,,,,,,,,,,,,,,,,,,,,,,,,,,,,,,,,,,32,,,,,,,,,,,,,,,21,,,,,,,,,,,,,,,,,,,,87,,,,,,,,,790,,,,,,,30,,,,,,,,,,,,,62,,,,,,,,,,,,,,,,,,,,,78,,,,,,,,,17,,,,,,,,,,,,,,,,,,,,,,,,,,,79,,,,,,,,,,,,,,,,,,,,,28,,,,,,,,,,,,,,,,3287
08.06.2019_3A_10h_18S.18S.exp.,,,,6,,,,,,,,,,,,,10,,,,,,,,,,,,,,,,,,,,,,,,,,,,,,,,6,34,,,,,,,,,,,,3,,,,,,,,,,,,,,3,,,,,,,,,,4,,,,,,,,,,,,,,,,,,2,,,,,,,,,,,,,,,,,,,18,,,,,,,,,,,,,,,,,,,,,,,,,,,,,,,,,,,,,,,,,,,48,,,,5,,,,,,,33,,,,,,,,,,,,,1125,,134,,,,,,1511,7595,,,,,,,375,,,,,,,,,,,,15,766,,5,,,,,,,,,,,,,,4,,54,,,101,3,,,,,,,,,,,,,,,,,,,,,,,,,,,,,,,,,,2,,,,,,,,,,,,,,,10,,,,,,,,,,,,,,,,,,,,,3,,41
2019.08.06_1.4_18S.18S.exp.,,,,,,,,,,,,,,,,,1,,,,,,,,,,,,,,,,,,,,,,,,,,,,,,,,,,,,,,,,,,,,,,,,,,,,,,,,,,,,,,,,,,,,,,,,,,,,,,,,,,,,,,,,,,,,,,,,,,,,,,28,,,,,,,,,,,,,,,,,,,,,,,,,,,,,,,,,,,,,,6,,,,,,,,,,,,,,,,,,,,,,,,,,,,,,,,,538,,144,,,,,,261,3523,,,,,,,77,,,,,,,,,,,,6370,,,,,,,,,,,,,,,,,9,,,,,52,,,,,,,,,,,,,,,,,,,,,,,,,,,,,,,,,,,,,,,,,,,,,,,,,,,,,,,,,,,,,,,,,,,,,1,,,,6
2019.08.06_2.1_surface_18S.18S.exp.,,4695,,,,9,,,,28,,4,4,1,,,,,,,,,,,,,,,,,,,,,,,,,,,,,,,,,,,,,,26,,,,,,,,,,,,,,,,,,,,,,,,,,,,,,,,,,,,,43,,,,,,,,,,95,,,43,,,,,,,,24,,,,,,,,,,,,,102,23,,2,,,,,,,,,,,,,,,,12,,,,,,,,,,,,,,,,,,,,,,,6,,,,,,,,,,,,223,,,,,,,,,,,,,53,,,,,,,,13,4193,,,,,,31,388,,,,,,,,,,,,,1923,28,,14,,,,3,,9,,,,1,,,,,3,,,,122,,,5,,,,,,,,,,,,,,,,,86,,,,7,,,32,84,16,11,,,,644,,,,,,,,,,,,,,,,,,,,,,,,,,,,,,,,,,,,,,1318
08.06.2019_2B_Bottom_10h_18S.18S.exp.,,38,,,,,,,,,,,,,,,,,,,,,,,,,,,,,,,,,,,,,,,,,,,,,,,,3,,5,,,,,,,,,,,,,,,,,,,,,,,,,,,,,,,,,,,,,7,,,,,,,,,,8,,,15,,,,,,,,,,,,,,,,,,,,,12,,,,,,,,,,,,,,,,,,,5,,,,,,,,,,,,,,,,,,,,,,,,,,,,,,,,,,,723,,,,,,,,,,,,,63,,,,,,,,9,4523,,,,,,25,523,,,,,,,,,,,,6,157,13,,47,,,,,,,,,,15,,,,,1339,,,,19,,,,,,,,13,,,,,,26,,62,18,25,,16,,,,,,,,,,,,,,124,,,,,,,,,,,,,,,,,,,,,,,,,,,,,,,,,,,,,,284
08.06.2019_4_T0_18S.18S.exp.,,,,,,,,,,,,,,,,,69,,,,,,,,,,,,,,,,,,,,,,,,,,,,,,,,,564,,,18,12,,,,,,,,,,,,117,,,,,,,,,,123,,,,,,,,,,,,,,,,,,,,,,,,,,,,,,,,,,,,,,,,,,,,,,,,,,,,,,,,,,,,,,,,,,,,,,,,,,,,,,,,,,,,,,,,,,,,,,,,,,,,,,,,,,,,,,,,,,214,,,,,,,,193,3000,,,,,,,152,,,,,,,,,,,,,95,,151,,,,,,,,,,,,,,,,,,,,,,,,,,,,,,,,,,,,,,,,,,,,,,,,,,,,,,,,,,,,,,,,,,,,,270,,,,,,,12,,,,,,,,,,,110,,,,,1669
2019.08.06_1_CP_ULT_18S.18S.exp.,,,,,,,,,,,,,,,,,,,,,,,,,,,,,,,,,,,,,,,,,,,,,,,,,,,,,,,,,,,,,,,,,,,,,,,,,,,,,,,,,,,,,,,,,,,,,,,,,,,,,,,,,,,,,,,,,,,,,,,27,,,,,,,,,,,,,,,,,,,,,,,,,,,,,,,,,,,,,,,,,,,,,,,,,,,6,,,,,,,,,,,,,,,,,,,,175,,47,,,,,,82,1177,,,,,,,,,,,,,,,,,,,11766,,,,,,,,,,,,,,,,,,,,,,,,,,,,,,,,,,,,,,,,,,,,,,,,,,,,,,,,,,,,,,,,,,,,,,,,,,,,,,,,,,,,,,,,,,,,,,,
2019.08.06_4_CP_0.2_18S.18S.exp.,,,,84,,,,,,,,,,,,,157,,17,,,,,,,,,135,,,,53,,,,,,,,,,,,,,,,,,76,,,,,,,,,,,,137,,,,,36,,40,,,,,,21,184,,,,,,,,,,,,,,,,,,,,,,,,50,,,,,,,,,,,,,,,,,,,,,,,68,,,,,,,,,,,,,,,,,,,,,,,,,,,,,,,,,,,,,,,,,,,,,,,77,,,,,,,,,,,,,,,,,,,,100,,51,,,,,,100,1804,,,,,,,152,,,,,36,,,,,,26,,380,,82,,,,,139,,,,,,,,,,,,,,,,,,,,,,,,,,,,,,,,,,,,,,,,,,,,,,,,,115,23,,,,,,,,,,64,,,,99,,,,,,,,,,,,,32,,,5,,,,,41,,389
08.06.2019_2B_Bottom_24h_18S.18S.exp.,,85,,,,,,,,,,,6,,,,1,,,,,,,,,,,,,,,,,,,,,,,,,,,,,,,,,,,1,,,,,,,,,,,,,,,,,,,,,,,,,,,,,,,,,,,,,,,,,,,,,,,,,,,11,,,,,,,,,,,,,,,,,,,,30,,,,,,,,,,,1,4,,,,,,,,,,,,,,,,,,,,,,,,,,,,,,1,,,,,,,,,,,,473,,,,,,,,,,,,,22,,,8,,,,,,7799,,,,,,,220,,,,,,,,,,,,10,414,2,,16,,,,,,,,,,11,,,2,,,,,,6,,,,,,,,10,,,,,,,,,,,,71,,,,,,,15,18,,3,,,,1557,,,,,,,,,,,,,,,,,,,,,,,,,,,,,,,,,,,,,,2319
08.06.2019_3B_48h_18S.18S.exp.,,,,,,,,,,,,,,,,,3,,,,,,,,,,,,,,,,,,,,,,,,,,,,,,,,,3,,,,,,,,,,,,,,,,,,,,,,,,,,,,,,,,,,,,,,,,,,,,,,,,,,,,,,1,,,,,,,,,,,,,,,,,,,3,,,,,,,,,,,,,,,,,,,,,,,,,,,,,,,,,,,,,,,,,,,,,,,,,,,,,,,,,,,,,,,,,,,564,,89,,,,,,212,4790,,,,,,,220,,,,,,,,,,,,137,,,,,,,,,,,,,,,,,,,,,,77,,,,,,,,,,,,,,,,,,,,,,,,,,,,,,,,,,,,,,,,,,,,,,,,,,,,,,,,,,,,,,,,,,,,,,,,,8
08.06.2019_2_Bottom_T0_18S.18S.exp.,13,232,,,,,,,,,,,11,,,,,,,,,,,,,,,,,,,,,,,,,,,,,,,,,,,,,,,7,,,,,,,,,,,3,,,,,,,,,,,,,,,,,,,,,,,,,,23,,,,,,,3,,,25,,,67,,,,,,,,,,,,,,,,,,,,,32,6,,6,,,,,,,,,,,,,,,,12,,,,,,,,,,,,,,,,,,,,,,,8,,,,,,,,,,,,925,,,,,,,,,,,,,80,7,,,,,,,11,3050,,,,,,51,584,,,,,,,,,,,,70,489,24,,154,,,,,,,,,,13,,,18,,2165,,,,67,,,1,,,,,,,,,,16,,7,26,,22,3,81,,,,,,,44,20,20,4,,,,931,,5,,,,,,,,,,,,,,,,,,,,,,,,,,,,,,,,,,,,3941
2019.08.07_7.1_lab_18S.18S.exp.,,,,,,,,,,,,,,,,,,,,,,,,,,,,,,,,,,,,,,,,,,,,,,,,,,3,,,,,,,,,,,,,,,,,,,,,,,,,,,,,,,,,,,,,,,,,,,,,,,,,,,,,,,,,,,,,,,,,,,,,,,,,2,,,,,,,,,,,,,,,,,,,,,,,,,,,,,,,,,,,,,,,,,,,,,,,,,,,,,2,,,,,,,,,,,,,,1603,,470,,,,95,,1391,12150,,,,,,,178,,,,,,,,,,,,2608,,,,,,,,3,,,,,,21,,,31,,,,,146,,,,,,,,,,,,,,,,,,,,18,,,,,,,,,,,,,,,,,,,,,,,,,,7,,,,,,,,,,,,,,,,,,,,,,,,,,,6
2019.08.06_4_salt_18S.18S.exp.,,,,,,,,,,,,10,,,,,1740,26,,15,,84,,,,3,,135,,,6,,,,,,24,,,4,22,,195,,,,3,,,19,,,,,,393,8,,13,,,54,,10,54,29,41,,15,7,,,,,171,210,,,12,11,,,,11,,4,,,,4,,,,,,,,,6,,,,,7,,,,,,,,,,,,8,,,,,,,17,,,,,,5,,,,,,,,,,,1,,,4,,,,,26,,,,,,,,,,,,,28,,,7,,8,,,26,34,,,,3,,,15,,,2,,,,,,,,,,37,,,2,,,,,75,966,,,2,,,,15,,6,,,9,,,,6,,105,28,6626,9,4889,7,17,,,26,,,,,,6,,,,,,,16,,,189,146,,,,15,,92,11,43,,6,,,,,,,,,,,,,,,,,,,10,,39,237,92,41,,,,,,,,,31,18,,,,,168,,9,151,,993,6,,,27,,16,71,,27,,32,,,452,,3679
08.06.2019_2B_Top_24h_18S.18S.exp.,,49,,,,,,,,,,,,,,,,,,,,,,,,,,,,,,,,,,,,,,,,,,,,,,,,,,3,,,,,,,,,,,,,,,,,,,,,,,,,,,,,,,,,,,,,,,,,,,,,,6,,,,,5,,,,,,,,,,,,,,,,,,,,18,,,,,,,,,,,,,,,,,,,,,,,,,,,,,,,,,,,,,,,,,,,,,,,,,,,,,,156,,,,,,,,,,,,,83,,,,,,,,,7913,,,,,,,641,,,,,,,,,,,,,183,6,,9,,,,,,,,,,,,,,,,,,,5,,,,,,,,,,,,,,,,,,,,36,,,,,,,27,34,,,,,,733,,,,,,,,,,,,,,,,,,,,,,,,,,,,,,,,,,,,,,852
2019.08.07_8_salt_18S.18S.exp.,,,,,,,,,,,,,,,,,,,,,,,,,,,,,,,,,,,,,,,,,,,,,,,,,,,,,,,,,,,,,,,,,,,,,,,,,,,,,,,,,,,,,,,,,,,,,,,,,,,,,,,,,,,,,,,,,,,,,,,,,,,,,,,,,,,,,,,,,,,,,,,,,,,,,,,,,,,,,,,,,,,,,,,,,,,,,,,,,,,,,,,,,,,,,,,,,,,,,,,44,,,,,,,,,,,,,,,,,,,10395,,,,,,,,,,,,,,,,,,,,,,,,,,,,,,,,,,,,,,,,,,,,,,,,,,,,,,,,,,2,,,,,,,,,,,,,,,,,,,,,,,,,,,,,,,,,,,,,2
08.06.2019_1B_24h_18S.18S.exp.,,,,,,,,,,,,,,,,,6,,,,,,,,,,,,,,,,,,,,,,,,,,,,,,,,,21,,,,,,,,,,,,,,,,,,,,,,,,,,,,,,,,,,,,,,,41,,,,,,,,,,,,,,,,,,,,,,,,,,,,,,,,,,4,,,,,,,,,,,,,,,,,,,,,,,,,,,,,,,,,,,,,,,,,,,,,,,6,,,,,,,,,,,,,,,,,,,,1670,,515,,,,,,988,10940,,,,,,,182,,,,,,,,,,,,8868,,,,,,,,,,,,,,23,,,17,,,,,167,,,,,,,,,,,,,,,,,,,,,,,,,,,,,,,,,,,2,,,,,,,,,,,,,,,,,,,,,,,,,,,,,,,,,,,,8,,32
2019.08.06_2.3_bottom_18S.18S.exp.,15,478,,,,,,,,15,,5,7,,,,,,,,,,,,,,,,,,,,,,,,,,,,,,,,,,,,,,,6,,,,,,,,,,,7,,,,,,,,,,,,,,,,,,,,,,,,,,16,,,,,,,,,,14,,,16,,,,,,,24,7,,,,,,,2,,,,,,47,5,,35,,,,,,,7,,,,,,,,,6,,,,,,,,,,,,,,,,,,,,,,,8,,,5,,,,,,,,,600,,,,,,,,,,,,,9,,,,,,,,,919,,,,,,12,156,,,,,,,,,,2,,137,3461,29,15,10,,,,2,,,,,,,,,,,1213,,,,111,,,,,,,,87,,,,,,22,,18,26,,,73,4,,,,,,19,13,,8,,,,844,,,,,,,,,,,,,,,,,,,,,,,,,,,,,,,,,,,,,,2603
2019.08.07_8.2_18S.18S.exp.,,,,,,,,,,,,,,,,,4,,,,,,,,,,,,,,,,,,,,,,,,,,,,,,,,,16,,,,,,,,,,,,,,,,,,,,,,,,,,,,,,,,,,,,,,,,,,,,,,,,,,,,,,,,,,,,,,,,,,,,,,,,,3,,,,,,,,,,,,,,,,,,,,,,,,,,,,,,,,,,,,,,,,,,,,,,,,,,,,,,,,,,,,,,,,,,,592,,138,,,,,,341,3391,,,,,,,213,,,,,,,,,,,,517,1,,,,,,,,,,,,,,,,,,,,,,,,,,,,,,,,,,,,,,,,,,,,,,,,,,,,,,,,,,,,,,,,,,,,,,,,,,,,,,,,,,,,,,,,,,,,,,
08.06.2019_1B_10h_18S.18S.exp.,,,,,,,,,,,,,,,,,,,,,,,,,,,,,,,,,,,,,,,,,,,,,,,,,,4,,,,,,,,,,,,,,,,,,,,,,,,,,,,,,,,,,,,,,,,,,,,,,,,,,,,,,,,,,,,,,,,,,,,,,,,,8,,,,,,,,,,,,,,,,,,,,,,,,,,,,,,,,,,,,,,,,,,,,,,,12,,,,,,,,,,,,,,,,,,,,1354,,338,,,,,,869,10093,,,,,,,159,,,,,,,,,,,,4506,,,,1,,,,,,,,,,,,,26,,,,,196,,,,,,,,,,,,,,,,,,,,,,,,,,,,,,,,,,,,,,,,,,,,,,,,,,,,,,,,,,,,,,,,,,,,,,,5,,
2019.08.06_1_salt_18S.18S.exp.,,,,,,,,,,,,,,,,,1,,,,,,,,,,,,,,,,,,,,,,,,,,,,,,,,,,,,,,,,,,,,,,,,,,,,,,,,,,,3,,,,,,,,,,,,,,,,,,,,,,,,,,,,,,,,,,,,,,,,,,,,,,,18,,,,,,,,,,,,,,,,,,,,,,,,,,,,,,,,,,,,,,,,,,,,,,,12,,,,,,,,,,,,,,,,,,,,1214,,235,,,,,,306,5516,,,,,,,131,,,,,,,,,,,,38,4623,,,,,,,,,,,,,,,,5,,,,,73,,,,,,,,,,,,,,,,,,,,,,,,,,,,,,,,,,,,,,,,,,,,,,,,,,,,,,,,,,,,,,,,,,,,,,,,,15
2019.08.07_7.3_lab_18S.18S.exp.,,,,,,,,,,,,,,,,,,,,,,,,,,,,,,,,,,,,,,,,,,,,,,,,,,,,,,,,,,,,,,,,,,,,,,,,,,,,,,,,,,,,,,,,,,,,,,,,,,,,,,,,,,,,,,,,,5,,,,,,,,,,11,,,,,,,,,,,,,,,,,,,,,,,,,,,,,,,,,,,,,,,,,,,,,,,,,,,,,,,,,,,,,,,,,,,743,,222,,,,,,675,4999,,,,,,,77,,,,,,,,,,,,2541,82,,,,,,,,,,,,,,,,14,,,,,,,,,,,,,,,,,,,,,,,,,9,,,,,,,,,,,,5,,,,,,,,,,,,,,,,,,,,,,,,,,,,,,,,,,,,,,,1,,82
08.06.2019_1B_48h_18S.18S.exp.,,,,,,,,,,,,,,,,,,,,,,,,,,,,,,,,,,,,,,,,,,,,,,,,,,3,,,,,,,,,,,,,,,,,,,,,,,,,,,,,,,,,,,,,,,,,,,,,,,,,,,,,,,,,,,,,,,,,,,1,,3,,,,,,,,,,,,,,,,,,,,,,,,,,,,,,,,,,,,,,,,,,,,,,,,,,,3,,,,,,,,,,,,,,,,,,,,1121,,334,,,,,,803,7215,,,,,,,87,,,,,,,,,,,,12115,,,,,,,,,,,,,,,,,7,,,,,88,,,,,,,,,,,,,,,,,,,,,,,,,,,,,,,,,,,2,,,,,,,,,,,,,,,,,,,,,,,,,,,,,,,,,,,,,,24
08.06.2019_1A_10h_18S.18S.exp.,,,,,,,,,,,,,,,,,10,,,,,,,,,,,,,,,,,,,,,,,,,,,,,,,,,58,,,,,,,,,,,,,,,,,,,,,4,,,,,,,,,,,,,,,,,,,,,,,,,,,,,,,,,,,,,,,,,,,,,,,,,,,,10,,,,,,,,,,,,,,,,,,,,,,,,,,,,,,,,,,,,,,,,,,,,,,,,,,,,,,21,,,,,,,,,,,,,1869,,580,,,,,,1651,12840,,,,,,,175,,,,,,,,,,,4,6862,,,,,,,,1,,,,,,,,,20,,,,,146,,,,,,,,,,,,,,,,,,,,,,,,,,,,,,,,,,,,,,,,,,,,,,,,,,6,,,,,,,,,,,,,,,,,,,,,,,29
2019.08.07_7_sediment_18S.18S.exp.,,,,,,,,,1,,,,,,,,,,,,,17,,,,,,,,7,,,,,,,,,,,,,,,,,,,,1,3,,,,,,,2,26,,,,,,,21,,,2,,,14,,,,,2,,,,,,,,,,,,,,,,,,,,,,,,,,,,,,3,,,,,,,,,,35,,1197,,,,21,,,,,,,,,,,,,,,,,,102,,,,7,,,,,,,,,,,,,,,,,,,,,182,,,,,,,,,,,2802,,,,,,,,,,,,,370,,63,,,,,,580,1507,,,,,,,44,,,17,,,,,23,,,19,27,5929,,,276,,,,,,,,,122,,,,776,,86,18,,,,2,2,,,2,,,,,,,,,,,,,,,,,,,,10,,,,,,,,,,,63,3,,,,,,,,,,,,,14,371,,,,311,,,,,,,,,,,,,,,22,,530
08.06.2019_2A_Bottom_24h_18S.18S.exp.,12,53,,,,,,,,7,,,,,,,,,,,,,,,,,,,,,,,,,,,,,,,,,,,,,,,,,,5,,,,,,,,,,,,,,,,,,,,,,,,,,,,,,,,,,,,,21,,,,,,,4,,,7,4,,51,,,,,,,13,,,,,,,,,,,,,,2,,,9,,,,,,,3,,,,,,,,,14,,,,,,,,,,,,,,,,,,,,,,,7,,,3,,,,,,,,,503,,,,,,,,,,,13,,79,,,,,,,,16,8008,,9,,,,28,562,,,,,,,,,,,,30,252,21,,91,,,,14,,,,,,17,7,,,,1906,,,,34,,,2,,,,3,78,,,,,25,,,30,16,22,,109,,,,,,,26,25,,8,,,,564,,,,,,,,,,,,,,,,,,,,,,,,,,,,,,,,,,,,6,,2787
2019.08.07_6.2_18S.18S.exp.,,32,,,,,,,,,,,,,,,,,,,,,,,,,,,,,,,,,,,,,,,,,,,,,,,,,,,,,,,,,,,,,,,,,,,,,,,,,,,,,,,,,,,,,,,,,,,,,,,,,,,,,2,4,,,,,,,,,,,,,,,,,,,,,,,,,,,,,,,,,,,,,,,,,,,,,,,,,,,,,,,,,,,,,,,,,,3,,,,,,,,,,,,,,,,,,,,267,,,,,,,,735,853,,,,,,,,,,,,,,,,,,,14928,12,,,12,,,,,,,,,,,,,,,,,,,,,,,,,,,12,,,,,,,,,,,,,,,,,,,,,,,,,,25,,,,,,,,,,,,,,,,,,,,,,,,,,,,,,,,,,,,4,,132
2019.08.07_8.3_18S.18S.exp.,,,,,,,,5,,,,,,,,,,,,,,,,,,,,,,,,,,,,,,,,,,,,,,,,,,,,,,,,,,,,,,,,,,,,,,,,,,,,,,,,,,,,,,,,,,,,,,,,,,,,,,,,,,,,,,,,,,,,,,,,,,,5,,,,,,,,,,,,,,,,,,,,,,,,,,,,,,,,,,,,,,,,,,,,,,,3,,,,,,,,,,,,,,,,,,,,1294,,326,,,,,,1259,7593,,,,,,,94,,,,,,,,,,,,1031,,,,,,,,,,,,,,,,,14,,,,,78,,,,,,,,,,,,,,,,,,,,,,,,,,,,,,,,10,,,,,,,,,,,,,,,,,,,,,,,,,,,,,,,,,,,,,,,,,6
2019.08.06_3_salt_18S.18S.exp.,,,,,,,,,,,,,,,,,,,,,,,,,,,,,,,,,,,,,,,,,,,,,,,,,,,,,,,,,,,,,,,,,,,,,,,,,,,,3,,,,,,,,,,,,,,,,,,,,,,,,,,,,,,,,,,,,,,,,,,,40,,,,,,,,,,,,,,,,,,,,,,,,,,,,,,,,,,,,,,,,96,,,,,,,,,,,,,,,,,6,,,,,,,,,,,,,,710,,,,,,,,373,4617,,,,,,,111,,,,,,,,,,,,43,6876,,,,,,,,,,,,,22,,,12,,,,,,,,,,,,,,,,,,,,,,,,,,,,,,,,,,,,,,,,,,,,,,,,,,,,,,,,,,,,,,,,,,,,,,,,,,,,,,
08.06.2019_5B_10h_18S.18S.exp.,,,,,,,,,,,,,,,,,137,,,,,,,,,,,,,,,,,,,,,,,,,,,,,,,,,164,,,,,,,,,,,,,,,39,,,,26,,6,,,,,,,,,,,,,,,,,,,,,,,,,,,,,,,,,,,,,,,,,,,,,,,,,,,,,,,,,,,,,,,,,,,,,,,,,,,,,,,,,,,,,,,,,,,,,,,,,,,92,,,,,,,,,,,,,,,,,,,,327,,94,,,,,,63,3912,,,,,,,133,,,,,,,,,,,,236,38,,51,,,,,,,,,,,,,,,,,,,,,,,,,,,,,,,,,,,,,,,,,,,,,,,,,,,,,,40,,,,,,,,,,,,,,,479,,,,,,,,,,,41,,,,,,,,,,,,100
08.06.2019_3A_48h_18S.18S.exp.,,,,,,,,,,,,,,,,,2,,,,,,,,,,,,,,,,,,,,,,,,,,,,,,,,,,,,,,,,,,,,,3,,,,,,,,,,,,,,,,,,,,,,,,,,,,,,,,,,,,,,,,,,,,,,,,,,,,,,,,,,,,,5,,,,,,,,,,,,,,,,,,,,,,,,,,,,,,,,,,,,,,,,,,,,,,,,,,,,,,,,,,,,,,,,,,,793,,89,,,,,,1034,5224,,,,,,,221,,,,,,,,,,,,145,,,6,,,,,,,,,,,,,,,,,,,86,,,,,,,,,,,,,,,,,,,,,,,,,,,,,,,,,,,,,,,,,,,,,,,,,,,,,,,,,,,,,,,,,,,,,,,,,23
08.06.2019_5_T0_18S.18S.exp.,,29,,,,,,,,,,,2158,,,,254,,,,28,,,,,,,,,,,,90,,,,,,,,,,,,,,,,167,575,,,,,,,,,,,,,,,,,,,,,23,,,,,,,,,,,,,,,,,,42,,,,,,,,,,3813,,,,,,,,34,,,,,,,,,,,,,,,,48,,,,,,,,,,,,,,,,,,,,,,,,,,,,,,,,,,,,,,,,,,,,,,,132,,,,,,,139,,,,,,,,,,,,,166,,67,,,,,,175,1203,,,,,,,99,,,,,,,,,,,,127,228,52,,15,,,6,,,,,,,,,,593,,,,,23,,,,,,,,,,,,,,,,,35,,,,19,,,,,,20,37,,,,,,,225,,,,,,,,,,,,,,,213,,,,,,,16,,,,19,,,,,,,,,80,534,,1047
08.06.2019_4A_48h_18S.18S.exp.,,,,,,,,,,,,,,,,,159,,,,,,,,,,,,,,,,,,,,,,,,,,,,,55,,,,69,,,,,,,,,,,,,,,,253,,,,,,,,,,6,,,,,,,,,,,,,,,,,,,,,,,,,,,,,,,,,,,,,,,,,,,,,,,61,,,,,,,,,,,,,,,,,,,,,,,,,,,,,,,,,,,,,,,,,,,,,,,91,,,,,,,,,5,,,,,,,,,,,317,,,,,,,,213,1691,,,,,,,48,,,,,,,,,,,,,171,,,,,,,,,,,,,,,,,,,,,24,,,,,,,,,,,,,,,,,,,,,,,,,,,,,,,,,,,,,,,,,,,,,,156,,,,58,,,,,,,230,,,,74,,,,,,,,,,,,642
08.06.2019_3B_10h_18S.18S.exp.,,,,,,,,,,,,,,,,,8,,,,,,,,,,,,,,,,,,,,,,,,,,,,,,,,,12,,,,,,,,,,,,,,,,,,,,,,,,,,,,,,,,,,,,,,,,,,,,,,,,,,,,,,2,,,,,,,,,,,,,,,,,,,3,,,,,,,,,,,,,,,,,,,,,,,,,,,,,,,,,,,,,,,,,,,,,,,,,5,,,,,,,3,,,,,,,,,,,113,,142,,,,,,461,9138,991,,,,,,151,,,,,,,,,,,,393,5,,6,,,,,,,,,,,,,,,,,,,90,,,,,,,,,,,,,,,,,,,,,,,,,,,,,,,,,,,,,,,,,,,,,,,,,,,,,,,,,,,,,,,,,,,,,,,4,,10
2019.08.07_8.2_lab_18S.18S.exp.,,,,,,,,,,,,,,,,,2,,,,,,,,,,,,,,,,,,,,,,,,,,,,,,,,,,,,,,,,,,,,,,,,,,,,,,,,,,,,,,,,,,,,,,,,,,,,,,,,,,,,,,,,,,,,,,,,,,,,,,1,,,,,,,,,,,,,,,,,,,,,,,,,,,,,,,,,,,,,,,,,,,,,,,,,,,3,,,,,,,,,,,,,,,,,,,,697,,211,,,,,,367,3824,,,,,,,61,,,,,,,,,,,,1059,,,,,,,,,,,,,,,,,,,,,,,,,,,,,,,,,,,,,,,,,,,,,,,,,,,,,,,,,,,,,,,,,,,,,,,,,,,,,,,,,,,,,,,,,,,,,,,
08.06.2019_5B_48h_18S.18S.exp.,,,,,,,,,,,,,,,,,300,,,,,,,,,,73,,,,,,,,,,,,,,,,,,,,,,,,,,,,,,,,,,,,,,,,,,28,,,,,,,,,,,,,,,,,,,,,,,,,,,,,,,,,,,,,,,,,,,,,,,,,,,,,,,,,,,,,,,,,,,,,,,,,,,,,,,,,,,,,,,,,,,,,,,,,,,,,104,,,,,,,,7,,,,,,,,,,,,885,,73,,,,,,2943,4941,,,,,,,200,,,,,,,,,,,,,124,,,,,,,,,,,,,,,,,,,,,147,,,,,,,,,,,,,,,,,,,,,85,,,,,,,,,,,,,,29,,,,,,,,,,,41,,,,25,,,,,,,,,,,,,,,,,,,,,,,730
08.06.2019_5A_10h_18S.18S.exp.,,,,,,,,,,,,,,,,,357,,,,,,,,,,,32,,,,,68,,,,,,,,,,,,,,,,41,618,,,,39,,,,,,,,,,,,,,,,,,,,,,,,,,,,,,25,,,,,,,,,,,,,,,,,,,,,,,,,,,,,,,,,,,,,,,,,,,,,,,,,,,,,,,,,,,,,,,,,,,,,,,,,,,,,,,,,,,,,,71,,,,,,,,,,,,,,,,,,,,320,,79,,,,,,276,3419,,,,,,,56,,,,,,,,,,,,106,,,,,,,,,,,,,,,,,,,,,,71,,,,,,,,,,,,,,,,,,,,,,,,,,,,,,,,,,,,28,,,,,,,,,,82,,,,103,,,,,,,,,,15,917,21,,,,,,,,,117,,390
